commune_id;Code du département;Libellé du département;Code de la commune;Libellé de la commune;Etat saisie;Inscrits;Abstentions;% Abs/Ins;Votants;% Vot/Ins;Blancs;% Blancs/Ins;% Blancs/Vot;Nuls;% Nuls/Ins;% Nuls/Vot;Exprimés;% Exp/Ins;% Exp/Vot;extraction_source_url;ingestion_timestamp;source_file_name
69_001;69;Rhône;001;Affoux;Complet;316;49;15.51;267;84.49;21;6.65;7.87;9;2.85;3.37;237;75.0;88.76;https://www.data.gouv.fr/api/1/datasets/r/06d9816c-1b87-498d-985e-f312acee4f51;2026-03-18T14:29:31.512838;2022_burvot_t2_france_entiere.xlsx
69_002;69;Rhône;002;Aigueperse;Complet;217;47;21.66;170;78.34;9;4.15;5.29;4;1.84;2.35;157;72.35;92.35;https://www.data.gouv.fr/api/1/datasets/r/06d9816c-1b87-498d-985e-f312acee4f51;2026-03-18T14:29:31.512838;2022_burvot_t2_france_entiere.xlsx
69_003;69;Rhône;003;Albigny-sur-Saône;Complet;1860;504;27.1;1356;72.9;81;4.35;5.97;18;0.97;1.33;1257;67.58;92.7;https://www.data.gouv.fr/api/1/datasets/r/06d9816c-1b87-498d-985e-f312acee4f51;2026-03-18T14:29:31.512838;2022_burvot_t2_france_entiere.xlsx
69_004;69;Rhône;004;Alix;Complet;470;95;20.21;375;79.79;35;7.45;9.33;4;0.85;1.07;336;71.49;89.6;https://www.data.gouv.fr/api/1/datasets/r/06d9816c-1b87-498d-985e-f312acee4f51;2026-03-18T14:29:31.512838;2022_burvot_t2_france_entiere.xlsx
69_005;69;Rhône;005;Ambérieux;Complet;407;62;15.23;345;84.77;10;2.46;2.9;3;0.74;0.87;332;81.57;96.23;https://www.data.gouv.fr/api/1/datasets/r/06d9816c-1b87-498d-985e-f312acee4f51;2026-03-18T14:29:31.512838;2022_burvot_t2_france_entiere.xlsx
69_006;69;Rhône;006;Amplepuis;Complet;3506;904;25.78;2602;74.22;139;3.96;5.34;53;1.51;2.04;2410;68.74;92.62;https://www.data.gouv.fr/api/1/datasets/r/06d9816c-1b87-498d-985e-f312acee4f51;2026-03-18T14:29:31.512838;2022_burvot_t2_france_entiere.xlsx
69_007;69;Rhône;007;Ampuis;Complet;2138;457;21.38;1681;78.62;112;5.24;6.66;30;1.4;1.78;1539;71.98;91.55;https://www.data.gouv.fr/api/1/datasets/r/06d9816c-1b87-498d-985e-f312acee4f51;2026-03-18T14:29:31.512838;2022_burvot_t2_france_entiere.xlsx
69_008;69;Rhône;008;Ancy;Complet;494;88;17.81;406;82.19;14;2.83;3.45;6;1.21;1.48;386;78.14;95.07;https://www.data.gouv.fr/api/1/datasets/r/06d9816c-1b87-498d-985e-f312acee4f51;2026-03-18T14:29:31.512838;2022_burvot_t2_france_entiere.xlsx
69_009;69;Rhône;009;Anse;Complet;5059;1289;25.48;3770;74.52;231;4.57;6.13;76;1.5;2.02;3463;68.45;91.86;https://www.data.gouv.fr/api/1/datasets/r/06d9816c-1b87-498d-985e-f312acee4f51;2026-03-18T14:29:31.512838;2022_burvot_t2_france_entiere.xlsx
69_010;69;Rhône;010;L'Arbresle;Complet;4172;1154;27.66;3018;72.34;215;5.15;7.12;65;1.56;2.15;2738;65.63;90.72;https://www.data.gouv.fr/api/1/datasets/r/06d9816c-1b87-498d-985e-f312acee4f51;2026-03-18T14:29:31.512838;2022_burvot_t2_france_entiere.xlsx
69_012;69;Rhône;012;Les Ardillats;Complet;467;100;21.41;367;78.59;30;6.42;8.17;4;0.86;1.09;333;71.31;90.74;https://www.data.gouv.fr/api/1/datasets/r/06d9816c-1b87-498d-985e-f312acee4f51;2026-03-18T14:29:31.512838;2022_burvot_t2_france_entiere.xlsx
69_013;69;Rhône;013;Arnas;Complet;2846;656;23.05;2190;76.95;131;4.6;5.98;37;1.3;1.69;2022;71.05;92.33;https://www.data.gouv.fr/api/1/datasets/r/06d9816c-1b87-498d-985e-f312acee4f51;2026-03-18T14:29:31.512838;2022_burvot_t2_france_entiere.xlsx
69_014;69;Rhône;014;Aveize;Complet;799;145;18.15;654;81.85;27;3.38;4.13;17;2.13;2.6;610;76.35;93.27;https://www.data.gouv.fr/api/1/datasets/r/06d9816c-1b87-498d-985e-f312acee4f51;2026-03-18T14:29:31.512838;2022_burvot_t2_france_entiere.xlsx
69_016;69;Rhône;016;Azolette;Complet;130;29;22.31;101;77.69;8;6.15;7.92;1;0.77;0.99;92;70.77;91.09;https://www.data.gouv.fr/api/1/datasets/r/06d9816c-1b87-498d-985e-f312acee4f51;2026-03-18T14:29:31.512838;2022_burvot_t2_france_entiere.xlsx
69_017;69;Rhône;017;Bagnols;Complet;583;115;19.73;468;80.27;24;4.12;5.13;6;1.03;1.28;438;75.13;93.59;https://www.data.gouv.fr/api/1/datasets/r/06d9816c-1b87-498d-985e-f312acee4f51;2026-03-18T14:29:31.512838;2022_burvot_t2_france_entiere.xlsx
69_018;69;Rhône;018;Beaujeu;Complet;1298;315;24.27;983;75.73;60;4.62;6.1;10;0.77;1.02;913;70.34;92.88;https://www.data.gouv.fr/api/1/datasets/r/06d9816c-1b87-498d-985e-f312acee4f51;2026-03-18T14:29:31.512838;2022_burvot_t2_france_entiere.xlsx
69_019;69;Rhône;019;Belleville-en-Beaujolais;Complet;8451;2506;29.65;5945;70.35;319;3.77;5.37;78;0.92;1.31;5548;65.65;93.32;https://www.data.gouv.fr/api/1/datasets/r/06d9816c-1b87-498d-985e-f312acee4f51;2026-03-18T14:29:31.512838;2022_burvot_t2_france_entiere.xlsx
69_020;69;Rhône;020;Belmont-d'Azergues;Complet;518;88;16.99;430;83.01;36;6.95;8.37;6;1.16;1.4;388;74.9;90.23;https://www.data.gouv.fr/api/1/datasets/r/06d9816c-1b87-498d-985e-f312acee4f51;2026-03-18T14:29:31.512838;2022_burvot_t2_france_entiere.xlsx
69_021;69;Rhône;021;Bessenay;Complet;1676;354;21.12;1322;78.88;93;5.55;7.03;18;1.07;1.36;1211;72.26;91.6;https://www.data.gouv.fr/api/1/datasets/r/06d9816c-1b87-498d-985e-f312acee4f51;2026-03-18T14:29:31.512838;2022_burvot_t2_france_entiere.xlsx
69_022;69;Rhône;022;Bibost;Complet;411;80;19.46;331;80.54;19;4.62;5.74;2;0.49;0.6;310;75.43;93.66;https://www.data.gouv.fr/api/1/datasets/r/06d9816c-1b87-498d-985e-f312acee4f51;2026-03-18T14:29:31.512838;2022_burvot_t2_france_entiere.xlsx
69_023;69;Rhône;023;Blacé;Complet;1154;203;17.59;951;82.41;57;4.94;5.99;21;1.82;2.21;873;75.65;91.8;https://www.data.gouv.fr/api/1/datasets/r/06d9816c-1b87-498d-985e-f312acee4f51;2026-03-18T14:29:31.512838;2022_burvot_t2_france_entiere.xlsx
69_024;69;Rhône;024;Val d'Oingt;Complet;3284;706;21.5;2578;78.5;160;4.87;6.21;45;1.37;1.75;2373;72.26;92.05;https://www.data.gouv.fr/api/1/datasets/r/06d9816c-1b87-498d-985e-f312acee4f51;2026-03-18T14:29:31.512838;2022_burvot_t2_france_entiere.xlsx
69_026;69;Rhône;026;Le Breuil;Complet;372;85;22.85;287;77.15;11;2.96;3.83;4;1.08;1.39;272;73.12;94.77;https://www.data.gouv.fr/api/1/datasets/r/06d9816c-1b87-498d-985e-f312acee4f51;2026-03-18T14:29:31.512838;2022_burvot_t2_france_entiere.xlsx
69_027;69;Rhône;027;Brignais;Complet;9156;2428;26.52;6728;73.48;405;4.42;6.02;114;1.25;1.69;6209;67.81;92.29;https://www.data.gouv.fr/api/1/datasets/r/06d9816c-1b87-498d-985e-f312acee4f51;2026-03-18T14:29:31.512838;2022_burvot_t2_france_entiere.xlsx
69_028;69;Rhône;028;Brindas;Complet;4821;916;19.0;3905;81.0;230;4.77;5.89;46;0.95;1.18;3629;75.27;92.93;https://www.data.gouv.fr/api/1/datasets/r/06d9816c-1b87-498d-985e-f312acee4f51;2026-03-18T14:29:31.512838;2022_burvot_t2_france_entiere.xlsx
69_029;69;Rhône;029;Bron;Complet;23355;7515;32.18;15840;67.82;956;4.09;6.04;317;1.36;2.0;14567;62.37;91.96;https://www.data.gouv.fr/api/1/datasets/r/06d9816c-1b87-498d-985e-f312acee4f51;2026-03-18T14:29:31.512838;2022_burvot_t2_france_entiere.xlsx
69_030;69;Rhône;030;Brullioles;Complet;651;136;20.89;515;79.11;24;3.69;4.66;12;1.84;2.33;479;73.58;93.01;https://www.data.gouv.fr/api/1/datasets/r/06d9816c-1b87-498d-985e-f312acee4f51;2026-03-18T14:29:31.512838;2022_burvot_t2_france_entiere.xlsx
69_031;69;Rhône;031;Brussieu;Complet;975;215;22.05;760;77.95;51;5.23;6.71;9;0.92;1.18;700;71.79;92.11;https://www.data.gouv.fr/api/1/datasets/r/06d9816c-1b87-498d-985e-f312acee4f51;2026-03-18T14:29:31.512838;2022_burvot_t2_france_entiere.xlsx
69_032;69;Rhône;032;Bully;Complet;1576;327;20.75;1249;79.25;71;4.51;5.68;14;0.89;1.12;1164;73.86;93.19;https://www.data.gouv.fr/api/1/datasets/r/06d9816c-1b87-498d-985e-f312acee4f51;2026-03-18T14:29:31.512838;2022_burvot_t2_france_entiere.xlsx
69_033;69;Rhône;033;Cailloux-sur-Fontaines;Complet;2122;358;16.87;1764;83.13;65;3.06;3.68;9;0.42;0.51;1690;79.64;95.8;https://www.data.gouv.fr/api/1/datasets/r/06d9816c-1b87-498d-985e-f312acee4f51;2026-03-18T14:29:31.512838;2022_burvot_t2_france_entiere.xlsx
69_034;69;Rhône;034;Caluire-et-Cuire;Complet;30445;8028;26.37;22417;73.63;1207;3.96;5.38;305;1.0;1.36;20905;68.66;93.26;https://www.data.gouv.fr/api/1/datasets/r/06d9816c-1b87-498d-985e-f312acee4f51;2026-03-18T14:29:31.512838;2022_burvot_t2_france_entiere.xlsx
69_035;69;Rhône;035;Cenves;Complet;336;67;19.94;269;80.06;22;6.55;8.18;12;3.57;4.46;235;69.94;87.36;https://www.data.gouv.fr/api/1/datasets/r/06d9816c-1b87-498d-985e-f312acee4f51;2026-03-18T14:29:31.512838;2022_burvot_t2_france_entiere.xlsx
69_036;69;Rhône;036;Cercié;Complet;814;165;20.27;649;79.73;37;4.55;5.7;9;1.11;1.39;603;74.08;92.91;https://www.data.gouv.fr/api/1/datasets/r/06d9816c-1b87-498d-985e-f312acee4f51;2026-03-18T14:29:31.512838;2022_burvot_t2_france_entiere.xlsx
69_037;69;Rhône;037;Chambost-Allières;Complet;594;124;20.88;470;79.12;28;4.71;5.96;12;2.02;2.55;430;72.39;91.49;https://www.data.gouv.fr/api/1/datasets/r/06d9816c-1b87-498d-985e-f312acee4f51;2026-03-18T14:29:31.512838;2022_burvot_t2_france_entiere.xlsx
69_038;69;Rhône;038;Chambost-Longessaigne;Complet;694;148;21.33;546;78.67;53;7.64;9.71;9;1.3;1.65;484;69.74;88.64;https://www.data.gouv.fr/api/1/datasets/r/06d9816c-1b87-498d-985e-f312acee4f51;2026-03-18T14:29:31.512838;2022_burvot_t2_france_entiere.xlsx
69_039;69;Rhône;039;Chamelet;Complet;527;119;22.58;408;77.42;34;6.45;8.33;6;1.14;1.47;368;69.83;90.2;https://www.data.gouv.fr/api/1/datasets/r/06d9816c-1b87-498d-985e-f312acee4f51;2026-03-18T14:29:31.512838;2022_burvot_t2_france_entiere.xlsx
69_040;69;Rhône;040;Champagne-au-Mont-d'Or;Complet;4044;925;22.87;3119;77.13;155;3.83;4.97;48;1.19;1.54;2916;72.11;93.49;https://www.data.gouv.fr/api/1/datasets/r/06d9816c-1b87-498d-985e-f312acee4f51;2026-03-18T14:29:31.512838;2022_burvot_t2_france_entiere.xlsx
69_042;69;Rhône;042;La Chapelle-sur-Coise;Complet;434;74;17.05;360;82.95;19;4.38;5.28;3;0.69;0.83;338;77.88;93.89;https://www.data.gouv.fr/api/1/datasets/r/06d9816c-1b87-498d-985e-f312acee4f51;2026-03-18T14:29:31.512838;2022_burvot_t2_france_entiere.xlsx
69_043;69;Rhône;043;Chaponost;Complet;6854;1348;19.67;5506;80.33;277;4.04;5.03;61;0.89;1.11;5168;75.4;93.86;https://www.data.gouv.fr/api/1/datasets/r/06d9816c-1b87-498d-985e-f312acee4f51;2026-03-18T14:29:31.512838;2022_burvot_t2_france_entiere.xlsx
69_044;69;Rhône;044;Charbonnières-les-Bains;Complet;4288;702;16.37;3586;83.63;161;3.75;4.49;38;0.89;1.06;3387;78.99;94.45;https://www.data.gouv.fr/api/1/datasets/r/06d9816c-1b87-498d-985e-f312acee4f51;2026-03-18T14:29:31.512838;2022_burvot_t2_france_entiere.xlsx
69_045;69;Rhône;045;Charentay;Complet;898;151;16.82;747;83.18;53;5.9;7.1;12;1.34;1.61;682;75.95;91.3;https://www.data.gouv.fr/api/1/datasets/r/06d9816c-1b87-498d-985e-f312acee4f51;2026-03-18T14:29:31.512838;2022_burvot_t2_france_entiere.xlsx
69_046;69;Rhône;046;Charly;Complet;3813;684;17.94;3129;82.06;123;3.23;3.93;40;1.05;1.28;2966;77.79;94.79;https://www.data.gouv.fr/api/1/datasets/r/06d9816c-1b87-498d-985e-f312acee4f51;2026-03-18T14:29:31.512838;2022_burvot_t2_france_entiere.xlsx
69_047;69;Rhône;047;Charnay;Complet;709;119;16.78;590;83.22;27;3.81;4.58;6;0.85;1.02;557;78.56;94.41;https://www.data.gouv.fr/api/1/datasets/r/06d9816c-1b87-498d-985e-f312acee4f51;2026-03-18T14:29:31.512838;2022_burvot_t2_france_entiere.xlsx
69_049;69;Rhône;049;Chasselay;Complet;2312;494;21.37;1818;78.63;114;4.93;6.27;28;1.21;1.54;1676;72.49;92.19;https://www.data.gouv.fr/api/1/datasets/r/06d9816c-1b87-498d-985e-f312acee4f51;2026-03-18T14:29:31.512838;2022_burvot_t2_france_entiere.xlsx
69_050;69;Rhône;050;Châtillon;Complet;1752;416;23.74;1336;76.26;101;5.76;7.56;25;1.43;1.87;1210;69.06;90.57;https://www.data.gouv.fr/api/1/datasets/r/06d9816c-1b87-498d-985e-f312acee4f51;2026-03-18T14:29:31.512838;2022_burvot_t2_france_entiere.xlsx
69_051;69;Rhône;051;Chaussan;Complet;878;173;19.7;705;80.3;64;7.29;9.08;10;1.14;1.42;631;71.87;89.5;https://www.data.gouv.fr/api/1/datasets/r/06d9816c-1b87-498d-985e-f312acee4f51;2026-03-18T14:29:31.512838;2022_burvot_t2_france_entiere.xlsx
69_052;69;Rhône;052;Chazay-d'Azergues;Complet;3445;729;21.16;2716;78.84;221;6.42;8.14;0;0.0;0.0;2495;72.42;91.86;https://www.data.gouv.fr/api/1/datasets/r/06d9816c-1b87-498d-985e-f312acee4f51;2026-03-18T14:29:31.512838;2022_burvot_t2_france_entiere.xlsx
69_053;69;Rhône;053;Chénas;Complet;453;116;25.61;337;74.39;23;5.08;6.82;11;2.43;3.26;303;66.89;89.91;https://www.data.gouv.fr/api/1/datasets/r/06d9816c-1b87-498d-985e-f312acee4f51;2026-03-18T14:29:31.512838;2022_burvot_t2_france_entiere.xlsx
69_054;69;Rhône;054;Chénelette;Complet;288;50;17.36;238;82.64;25;8.68;10.5;2;0.69;0.84;211;73.26;88.66;https://www.data.gouv.fr/api/1/datasets/r/06d9816c-1b87-498d-985e-f312acee4f51;2026-03-18T14:29:31.512838;2022_burvot_t2_france_entiere.xlsx
69_055;69;Rhône;055;Les Chères;Complet;1086;217;19.98;869;80.02;44;4.05;5.06;13;1.2;1.5;812;74.77;93.44;https://www.data.gouv.fr/api/1/datasets/r/06d9816c-1b87-498d-985e-f312acee4f51;2026-03-18T14:29:31.512838;2022_burvot_t2_france_entiere.xlsx
69_056;69;Rhône;056;Chessy-les-Mines;Complet;1445;302;20.9;1143;79.1;70;4.84;6.12;14;0.97;1.22;1059;73.29;92.65;https://www.data.gouv.fr/api/1/datasets/r/06d9816c-1b87-498d-985e-f312acee4f51;2026-03-18T14:29:31.512838;2022_burvot_t2_france_entiere.xlsx
69_057;69;Rhône;057;Chevinay;Complet;449;89;19.82;360;80.18;20;4.45;5.56;3;0.67;0.83;337;75.06;93.61;https://www.data.gouv.fr/api/1/datasets/r/06d9816c-1b87-498d-985e-f312acee4f51;2026-03-18T14:29:31.512838;2022_burvot_t2_france_entiere.xlsx
69_058;69;Rhône;058;Chiroubles;Complet;342;68;19.88;274;80.12;19;5.56;6.93;4;1.17;1.46;251;73.39;91.61;https://www.data.gouv.fr/api/1/datasets/r/06d9816c-1b87-498d-985e-f312acee4f51;2026-03-18T14:29:31.512838;2022_burvot_t2_france_entiere.xlsx
69_059;69;Rhône;059;Civrieux-d'Azergues;Complet;1180;231;19.58;949;80.42;40;3.39;4.21;11;0.93;1.16;898;76.1;94.63;https://www.data.gouv.fr/api/1/datasets/r/06d9816c-1b87-498d-985e-f312acee4f51;2026-03-18T14:29:31.512838;2022_burvot_t2_france_entiere.xlsx
69_060;69;Rhône;060;Claveisolles;Complet;451;80;17.74;371;82.26;16;3.55;4.31;2;0.44;0.54;353;78.27;95.15;https://www.data.gouv.fr/api/1/datasets/r/06d9816c-1b87-498d-985e-f312acee4f51;2026-03-18T14:29:31.512838;2022_burvot_t2_france_entiere.xlsx
69_061;69;Rhône;061;Cogny;Complet;933;177;18.97;756;81.03;37;3.97;4.89;7;0.75;0.93;712;76.31;94.18;https://www.data.gouv.fr/api/1/datasets/r/06d9816c-1b87-498d-985e-f312acee4f51;2026-03-18T14:29:31.512838;2022_burvot_t2_france_entiere.xlsx
69_062;69;Rhône;062;Coise;Complet;642;103;16.04;539;83.96;36;5.61;6.68;11;1.71;2.04;492;76.64;91.28;https://www.data.gouv.fr/api/1/datasets/r/06d9816c-1b87-498d-985e-f312acee4f51;2026-03-18T14:29:31.512838;2022_burvot_t2_france_entiere.xlsx
69_063;69;Rhône;063;Collonges-au-Mont-d'Or;Complet;3418;724;21.18;2694;78.82;117;3.42;4.34;36;1.05;1.34;2541;74.34;94.32;https://www.data.gouv.fr/api/1/datasets/r/06d9816c-1b87-498d-985e-f312acee4f51;2026-03-18T14:29:31.512838;2022_burvot_t2_france_entiere.xlsx
69_064;69;Rhône;064;Condrieu;Complet;2749;666;24.23;2083;75.77;136;4.95;6.53;28;1.02;1.34;1919;69.81;92.13;https://www.data.gouv.fr/api/1/datasets/r/06d9816c-1b87-498d-985e-f312acee4f51;2026-03-18T14:29:31.512838;2022_burvot_t2_france_entiere.xlsx
69_065;69;Rhône;065;Corcelles-en-Beaujolais;Complet;701;154;21.97;547;78.03;29;4.14;5.3;6;0.86;1.1;512;73.04;93.6;https://www.data.gouv.fr/api/1/datasets/r/06d9816c-1b87-498d-985e-f312acee4f51;2026-03-18T14:29:31.512838;2022_burvot_t2_france_entiere.xlsx
69_066;69;Rhône;066;Cours;Complet;3138;806;25.69;2332;74.31;161;5.13;6.9;64;2.04;2.74;2107;67.14;90.35;https://www.data.gouv.fr/api/1/datasets/r/06d9816c-1b87-498d-985e-f312acee4f51;2026-03-18T14:29:31.512838;2022_burvot_t2_france_entiere.xlsx
69_067;69;Rhône;067;Courzieu;Complet;925;229;24.76;696;75.24;52;5.62;7.47;14;1.51;2.01;630;68.11;90.52;https://www.data.gouv.fr/api/1/datasets/r/06d9816c-1b87-498d-985e-f312acee4f51;2026-03-18T14:29:31.512838;2022_burvot_t2_france_entiere.xlsx
69_068;69;Rhône;068;Couzon-au-Mont-d'Or;Complet;1843;423;22.95;1420;77.05;76;4.12;5.35;22;1.19;1.55;1322;71.73;93.1;https://www.data.gouv.fr/api/1/datasets/r/06d9816c-1b87-498d-985e-f312acee4f51;2026-03-18T14:29:31.512838;2022_burvot_t2_france_entiere.xlsx
69_069;69;Rhône;069;Craponne;Complet;8591;2020;23.51;6571;76.49;296;3.45;4.5;107;1.25;1.63;6168;71.8;93.87;https://www.data.gouv.fr/api/1/datasets/r/06d9816c-1b87-498d-985e-f312acee4f51;2026-03-18T14:29:31.512838;2022_burvot_t2_france_entiere.xlsx
69_070;69;Rhône;070;Cublize;Complet;919;182;19.8;737;80.2;35;3.81;4.75;9;0.98;1.22;693;75.41;94.03;https://www.data.gouv.fr/api/1/datasets/r/06d9816c-1b87-498d-985e-f312acee4f51;2026-03-18T14:29:31.512838;2022_burvot_t2_france_entiere.xlsx
69_071;69;Rhône;071;Curis-au-Mont-d'Or;Complet;887;157;17.7;730;82.3;55;6.2;7.53;11;1.24;1.51;664;74.86;90.96;https://www.data.gouv.fr/api/1/datasets/r/06d9816c-1b87-498d-985e-f312acee4f51;2026-03-18T14:29:31.512838;2022_burvot_t2_france_entiere.xlsx
69_072;69;Rhône;072;Dardilly;Complet;6759;1531;22.65;5228;77.35;260;3.85;4.97;54;0.8;1.03;4914;72.7;93.99;https://www.data.gouv.fr/api/1/datasets/r/06d9816c-1b87-498d-985e-f312acee4f51;2026-03-18T14:29:31.512838;2022_burvot_t2_france_entiere.xlsx
69_074;69;Rhône;074;Denicé;Complet;1154;175;15.16;979;84.84;56;4.85;5.72;9;0.78;0.92;914;79.2;93.36;https://www.data.gouv.fr/api/1/datasets/r/06d9816c-1b87-498d-985e-f312acee4f51;2026-03-18T14:29:31.512838;2022_burvot_t2_france_entiere.xlsx
69_075;69;Rhône;075;Dième;Complet;128;18;14.06;110;85.94;6;4.69;5.45;0;0.0;0.0;104;81.25;94.55;https://www.data.gouv.fr/api/1/datasets/r/06d9816c-1b87-498d-985e-f312acee4f51;2026-03-18T14:29:31.512838;2022_burvot_t2_france_entiere.xlsx
69_076;69;Rhône;076;Dommartin;Complet;2288;376;16.43;1912;83.57;87;3.8;4.55;18;0.79;0.94;1807;78.98;94.51;https://www.data.gouv.fr/api/1/datasets/r/06d9816c-1b87-498d-985e-f312acee4f51;2026-03-18T14:29:31.512838;2022_burvot_t2_france_entiere.xlsx
69_077;69;Rhône;077;Dracé;Complet;832;169;20.31;663;79.69;41;4.93;6.18;9;1.08;1.36;613;73.68;92.46;https://www.data.gouv.fr/api/1/datasets/r/06d9816c-1b87-498d-985e-f312acee4f51;2026-03-18T14:29:31.512838;2022_burvot_t2_france_entiere.xlsx
69_078;69;Rhône;078;Duerne;Complet;583;98;16.81;485;83.19;27;4.63;5.57;6;1.03;1.24;452;77.53;93.2;https://www.data.gouv.fr/api/1/datasets/r/06d9816c-1b87-498d-985e-f312acee4f51;2026-03-18T14:29:31.512838;2022_burvot_t2_france_entiere.xlsx
69_080;69;Rhône;080;Echalas;Complet;1345;249;18.51;1096;81.49;67;4.98;6.11;13;0.97;1.19;1016;75.54;92.7;https://www.data.gouv.fr/api/1/datasets/r/06d9816c-1b87-498d-985e-f312acee4f51;2026-03-18T14:29:31.512838;2022_burvot_t2_france_entiere.xlsx
69_081;69;Rhône;081;Ecully;Complet;11942;2765;23.15;9177;76.85;432;3.62;4.71;122;1.02;1.33;8623;72.21;93.96;https://www.data.gouv.fr/api/1/datasets/r/06d9816c-1b87-498d-985e-f312acee4f51;2026-03-18T14:29:31.512838;2022_burvot_t2_france_entiere.xlsx
69_082;69;Rhône;082;Emeringes;Complet;195;32;16.41;163;83.59;11;5.64;6.75;0;0.0;0.0;152;77.95;93.25;https://www.data.gouv.fr/api/1/datasets/r/06d9816c-1b87-498d-985e-f312acee4f51;2026-03-18T14:29:31.512838;2022_burvot_t2_france_entiere.xlsx
69_083;69;Rhône;083;Eveux;Complet;875;138;15.77;737;84.23;42;4.8;5.7;6;0.69;0.81;689;78.74;93.49;https://www.data.gouv.fr/api/1/datasets/r/06d9816c-1b87-498d-985e-f312acee4f51;2026-03-18T14:29:31.512838;2022_burvot_t2_france_entiere.xlsx
69_084;69;Rhône;084;Fleurie;Complet;975;186;19.08;789;80.92;50;5.13;6.34;15;1.54;1.9;724;74.26;91.76;https://www.data.gouv.fr/api/1/datasets/r/06d9816c-1b87-498d-985e-f312acee4f51;2026-03-18T14:29:31.512838;2022_burvot_t2_france_entiere.xlsx
69_085;69;Rhône;085;Fleurieu-sur-Saône;Complet;1092;222;20.33;870;79.67;60;5.49;6.9;5;0.46;0.57;805;73.72;92.53;https://www.data.gouv.fr/api/1/datasets/r/06d9816c-1b87-498d-985e-f312acee4f51;2026-03-18T14:29:31.512838;2022_burvot_t2_france_entiere.xlsx
69_086;69;Rhône;086;Fleurieux-sur-l'Arbresle;Complet;1910;362;18.95;1548;81.05;108;5.65;6.98;19;0.99;1.23;1421;74.4;91.8;https://www.data.gouv.fr/api/1/datasets/r/06d9816c-1b87-498d-985e-f312acee4f51;2026-03-18T14:29:31.512838;2022_burvot_t2_france_entiere.xlsx
69_087;69;Rhône;087;Fontaines-Saint-Martin;Complet;2345;455;19.4;1890;80.6;87;3.71;4.6;25;1.07;1.32;1778;75.82;94.07;https://www.data.gouv.fr/api/1/datasets/r/06d9816c-1b87-498d-985e-f312acee4f51;2026-03-18T14:29:31.512838;2022_burvot_t2_france_entiere.xlsx
69_088;69;Rhône;088;Fontaines-sur-Saône;Complet;4993;1377;27.58;3616;72.42;232;4.65;6.42;65;1.3;1.8;3319;66.47;91.79;https://www.data.gouv.fr/api/1/datasets/r/06d9816c-1b87-498d-985e-f312acee4f51;2026-03-18T14:29:31.512838;2022_burvot_t2_france_entiere.xlsx
69_089;69;Rhône;089;Francheville;Complet;10001;2121;21.21;7880;78.79;368;3.68;4.67;1379;13.79;17.5;6133;61.32;77.83;https://www.data.gouv.fr/api/1/datasets/r/06d9816c-1b87-498d-985e-f312acee4f51;2026-03-18T14:29:31.512838;2022_burvot_t2_france_entiere.xlsx
69_090;69;Rhône;090;Frontenas;Complet;696;164;23.56;532;76.44;40;5.75;7.52;7;1.01;1.32;485;69.68;91.17;https://www.data.gouv.fr/api/1/datasets/r/06d9816c-1b87-498d-985e-f312acee4f51;2026-03-18T14:29:31.512838;2022_burvot_t2_france_entiere.xlsx
69_091;69;Rhône;091;Givors;Complet;11235;4810;42.81;6425;57.19;407;3.62;6.33;147;1.31;2.29;5871;52.26;91.38;https://www.data.gouv.fr/api/1/datasets/r/06d9816c-1b87-498d-985e-f312acee4f51;2026-03-18T14:29:31.512838;2022_burvot_t2_france_entiere.xlsx
69_092;69;Rhône;092;Gleizé;Complet;5719;1763;30.83;3956;69.17;223;3.9;5.64;72;1.26;1.82;3661;64.01;92.54;https://www.data.gouv.fr/api/1/datasets/r/06d9816c-1b87-498d-985e-f312acee4f51;2026-03-18T14:29:31.512838;2022_burvot_t2_france_entiere.xlsx
69_093;69;Rhône;093;Grandris;Complet;819;209;25.52;610;74.48;57;6.96;9.34;12;1.47;1.97;541;66.06;88.69;https://www.data.gouv.fr/api/1/datasets/r/06d9816c-1b87-498d-985e-f312acee4f51;2026-03-18T14:29:31.512838;2022_burvot_t2_france_entiere.xlsx
69_094;69;Rhône;094;Grézieu-la-Varenne;Complet;4416;968;21.92;3448;78.08;174;3.94;5.05;52;1.18;1.51;3222;72.96;93.45;https://www.data.gouv.fr/api/1/datasets/r/06d9816c-1b87-498d-985e-f312acee4f51;2026-03-18T14:29:31.512838;2022_burvot_t2_france_entiere.xlsx
69_095;69;Rhône;095;Grézieu-le-Marché;Complet;629;105;16.69;524;83.31;38;6.04;7.25;15;2.38;2.86;471;74.88;89.89;https://www.data.gouv.fr/api/1/datasets/r/06d9816c-1b87-498d-985e-f312acee4f51;2026-03-18T14:29:31.512838;2022_burvot_t2_france_entiere.xlsx
69_096;69;Rhône;096;Grigny;Complet;5746;1796;31.26;3950;68.74;289;5.03;7.32;138;2.4;3.49;3523;61.31;89.19;https://www.data.gouv.fr/api/1/datasets/r/06d9816c-1b87-498d-985e-f312acee4f51;2026-03-18T14:29:31.512838;2022_burvot_t2_france_entiere.xlsx
69_097;69;Rhône;097;Les Haies;Complet;650;133;20.46;517;79.54;31;4.77;6.0;5;0.77;0.97;481;74.0;93.04;https://www.data.gouv.fr/api/1/datasets/r/06d9816c-1b87-498d-985e-f312acee4f51;2026-03-18T14:29:31.512838;2022_burvot_t2_france_entiere.xlsx
69_098;69;Rhône;098;Les Halles;Complet;352;63;17.9;289;82.1;19;5.4;6.57;2;0.57;0.69;268;76.14;92.73;https://www.data.gouv.fr/api/1/datasets/r/06d9816c-1b87-498d-985e-f312acee4f51;2026-03-18T14:29:31.512838;2022_burvot_t2_france_entiere.xlsx
69_099;69;Rhône;099;Haute-Rivoire;Complet;988;211;21.36;777;78.64;50;5.06;6.44;11;1.11;1.42;716;72.47;92.15;https://www.data.gouv.fr/api/1/datasets/r/06d9816c-1b87-498d-985e-f312acee4f51;2026-03-18T14:29:31.512838;2022_burvot_t2_france_entiere.xlsx
69_100;69;Rhône;100;Irigny;Complet;6354;1491;23.47;4863;76.53;290;4.56;5.96;72;1.13;1.48;4501;70.84;92.56;https://www.data.gouv.fr/api/1/datasets/r/06d9816c-1b87-498d-985e-f312acee4f51;2026-03-18T14:29:31.512838;2022_burvot_t2_france_entiere.xlsx
69_102;69;Rhône;102;Joux;Complet;571;131;22.94;440;77.06;33;5.78;7.5;9;1.58;2.05;398;69.7;90.45;https://www.data.gouv.fr/api/1/datasets/r/06d9816c-1b87-498d-985e-f312acee4f51;2026-03-18T14:29:31.512838;2022_burvot_t2_france_entiere.xlsx
69_103;69;Rhône;103;Juliénas;Complet;685;128;18.69;557;81.31;36;5.26;6.46;9;1.31;1.62;512;74.74;91.92;https://www.data.gouv.fr/api/1/datasets/r/06d9816c-1b87-498d-985e-f312acee4f51;2026-03-18T14:29:31.512838;2022_burvot_t2_france_entiere.xlsx
69_104;69;Rhône;104;Jullié;Complet;322;57;17.7;265;82.3;27;8.39;10.19;6;1.86;2.26;232;72.05;87.55;https://www.data.gouv.fr/api/1/datasets/r/06d9816c-1b87-498d-985e-f312acee4f51;2026-03-18T14:29:31.512838;2022_burvot_t2_france_entiere.xlsx
69_105;69;Rhône;105;Lacenas;Complet;823;131;15.92;692;84.08;35;4.25;5.06;13;1.58;1.88;644;78.25;93.06;https://www.data.gouv.fr/api/1/datasets/r/06d9816c-1b87-498d-985e-f312acee4f51;2026-03-18T14:29:31.512838;2022_burvot_t2_france_entiere.xlsx
69_106;69;Rhône;106;Lachassagne;Complet;944;120;12.71;824;87.29;46;4.87;5.58;15;1.59;1.82;763;80.83;92.6;https://www.data.gouv.fr/api/1/datasets/r/06d9816c-1b87-498d-985e-f312acee4f51;2026-03-18T14:29:31.512838;2022_burvot_t2_france_entiere.xlsx
69_107;69;Rhône;107;Lamure-sur-Azergues;Complet;759;167;22.0;592;78.0;31;4.08;5.24;8;1.05;1.35;553;72.86;93.41;https://www.data.gouv.fr/api/1/datasets/r/06d9816c-1b87-498d-985e-f312acee4f51;2026-03-18T14:29:31.512838;2022_burvot_t2_france_entiere.xlsx
69_108;69;Rhône;108;Lancié;Complet;754;151;20.03;603;79.97;37;4.91;6.14;14;1.86;2.32;552;73.21;91.54;https://www.data.gouv.fr/api/1/datasets/r/06d9816c-1b87-498d-985e-f312acee4f51;2026-03-18T14:29:31.512838;2022_burvot_t2_france_entiere.xlsx
69_109;69;Rhône;109;Lantignié;Complet;691;145;20.98;546;79.02;38;5.5;6.96;9;1.3;1.65;499;72.21;91.39;https://www.data.gouv.fr/api/1/datasets/r/06d9816c-1b87-498d-985e-f312acee4f51;2026-03-18T14:29:31.512838;2022_burvot_t2_france_entiere.xlsx
69_110;69;Rhône;110;Larajasse;Complet;1439;284;19.74;1155;80.26;78;5.42;6.75;13;0.9;1.13;1064;73.94;92.12;https://www.data.gouv.fr/api/1/datasets/r/06d9816c-1b87-498d-985e-f312acee4f51;2026-03-18T14:29:31.512838;2022_burvot_t2_france_entiere.xlsx
69_111;69;Rhône;111;Légny;Complet;501;88;17.56;413;82.44;25;4.99;6.05;6;1.2;1.45;382;76.25;92.49;https://www.data.gouv.fr/api/1/datasets/r/06d9816c-1b87-498d-985e-f312acee4f51;2026-03-18T14:29:31.512838;2022_burvot_t2_france_entiere.xlsx
69_112;69;Rhône;112;Lentilly;Complet;5090;1067;20.96;4023;79.04;221;4.34;5.49;53;1.04;1.32;3749;73.65;93.19;https://www.data.gouv.fr/api/1/datasets/r/06d9816c-1b87-498d-985e-f312acee4f51;2026-03-18T14:29:31.512838;2022_burvot_t2_france_entiere.xlsx
69_113;69;Rhône;113;Létra;Complet;608;121;19.9;487;80.1;37;6.09;7.6;7;1.15;1.44;443;72.86;90.97;https://www.data.gouv.fr/api/1/datasets/r/06d9816c-1b87-498d-985e-f312acee4f51;2026-03-18T14:29:31.512838;2022_burvot_t2_france_entiere.xlsx
69_115;69;Rhône;115;Limas;Complet;3393;806;23.75;2587;76.25;135;3.98;5.22;38;1.12;1.47;2414;71.15;93.31;https://www.data.gouv.fr/api/1/datasets/r/06d9816c-1b87-498d-985e-f312acee4f51;2026-03-18T14:29:31.512838;2022_burvot_t2_france_entiere.xlsx
69_116;69;Rhône;116;Limonest;Complet;2733;518;18.95;2215;81.05;102;3.73;4.6;29;1.06;1.31;2084;76.25;94.09;https://www.data.gouv.fr/api/1/datasets/r/06d9816c-1b87-498d-985e-f312acee4f51;2026-03-18T14:29:31.512838;2022_burvot_t2_france_entiere.xlsx
69_117;69;Rhône;117;Lissieu;Complet;2550;500;19.61;2050;80.39;103;4.04;5.02;24;0.94;1.17;1923;75.41;93.8;https://www.data.gouv.fr/api/1/datasets/r/06d9816c-1b87-498d-985e-f312acee4f51;2026-03-18T14:29:31.512838;2022_burvot_t2_france_entiere.xlsx
69_118;69;Rhône;118;Loire-sur-Rhône;Complet;1965;444;22.6;1521;77.4;99;5.04;6.51;23;1.17;1.51;1399;71.2;91.98;https://www.data.gouv.fr/api/1/datasets/r/06d9816c-1b87-498d-985e-f312acee4f51;2026-03-18T14:29:31.512838;2022_burvot_t2_france_entiere.xlsx
69_119;69;Rhône;119;Longes;Complet;684;118;17.25;566;82.75;37;5.41;6.54;3;0.44;0.53;526;76.9;92.93;https://www.data.gouv.fr/api/1/datasets/r/06d9816c-1b87-498d-985e-f312acee4f51;2026-03-18T14:29:31.512838;2022_burvot_t2_france_entiere.xlsx
69_120;69;Rhône;120;Longessaigne;Complet;432;72;16.67;360;83.33;23;5.32;6.39;6;1.39;1.67;331;76.62;91.94;https://www.data.gouv.fr/api/1/datasets/r/06d9816c-1b87-498d-985e-f312acee4f51;2026-03-18T14:29:31.512838;2022_burvot_t2_france_entiere.xlsx
69_121;69;Rhône;121;Lozanne;Complet;2172;495;22.79;1677;77.21;77;3.55;4.59;20;0.92;1.19;1580;72.74;94.22;https://www.data.gouv.fr/api/1/datasets/r/06d9816c-1b87-498d-985e-f312acee4f51;2026-03-18T14:29:31.512838;2022_burvot_t2_france_entiere.xlsx
69_122;69;Rhône;122;Lucenay;Complet;1584;286;18.06;1298;81.94;65;4.1;5.01;16;1.01;1.23;1217;76.83;93.76;https://www.data.gouv.fr/api/1/datasets/r/06d9816c-1b87-498d-985e-f312acee4f51;2026-03-18T14:29:31.512838;2022_burvot_t2_france_entiere.xlsx
69_123;69;Rhône;123;Lyon;Complet;292802;70850;24.2;221952;75.8;12377;4.23;5.58;3397;1.16;1.53;206178;70.42;92.89;https://www.data.gouv.fr/api/1/datasets/r/06d9816c-1b87-498d-985e-f312acee4f51;2026-03-18T14:29:31.512838;2022_burvot_t2_france_entiere.xlsx
69_124;69;Rhône;124;Marchampt;Complet;389;85;21.85;304;78.15;18;4.63;5.92;8;2.06;2.63;278;71.47;91.45;https://www.data.gouv.fr/api/1/datasets/r/06d9816c-1b87-498d-985e-f312acee4f51;2026-03-18T14:29:31.512838;2022_burvot_t2_france_entiere.xlsx
69_125;69;Rhône;125;Marcilly-d'Azergues;Complet;789;157;19.9;632;80.1;32;4.06;5.06;4;0.51;0.63;596;75.54;94.3;https://www.data.gouv.fr/api/1/datasets/r/06d9816c-1b87-498d-985e-f312acee4f51;2026-03-18T14:29:31.512838;2022_burvot_t2_france_entiere.xlsx
69_126;69;Rhône;126;Marcy;Complet;668;103;15.42;565;84.58;34;5.09;6.02;14;2.1;2.48;517;77.4;91.5;https://www.data.gouv.fr/api/1/datasets/r/06d9816c-1b87-498d-985e-f312acee4f51;2026-03-18T14:29:31.512838;2022_burvot_t2_france_entiere.xlsx
69_127;69;Rhône;127;Marcy-l'Etoile;Complet;2375;513;21.6;1862;78.4;96;4.04;5.16;16;0.67;0.86;1750;73.68;93.98;https://www.data.gouv.fr/api/1/datasets/r/06d9816c-1b87-498d-985e-f312acee4f51;2026-03-18T14:29:31.512838;2022_burvot_t2_france_entiere.xlsx
69_130;69;Rhône;130;Meaux-la-Montagne;Complet;191;28;14.66;163;85.34;14;7.33;8.59;3;1.57;1.84;146;76.44;89.57;https://www.data.gouv.fr/api/1/datasets/r/06d9816c-1b87-498d-985e-f312acee4f51;2026-03-18T14:29:31.512838;2022_burvot_t2_france_entiere.xlsx
69_131;69;Rhône;131;Messimy;Complet;2744;540;19.68;2204;80.32;124;4.52;5.63;24;0.87;1.09;2056;74.93;93.28;https://www.data.gouv.fr/api/1/datasets/r/06d9816c-1b87-498d-985e-f312acee4f51;2026-03-18T14:29:31.512838;2022_burvot_t2_france_entiere.xlsx
69_132;69;Rhône;132;Meys;Complet;609;116;19.05;493;80.95;29;4.76;5.88;5;0.82;1.01;459;75.37;93.1;https://www.data.gouv.fr/api/1/datasets/r/06d9816c-1b87-498d-985e-f312acee4f51;2026-03-18T14:29:31.512838;2022_burvot_t2_france_entiere.xlsx
69_133;69;Rhône;133;Millery;Complet;3322;705;21.22;2617;78.78;111;3.34;4.24;30;0.9;1.15;2476;74.53;94.61;https://www.data.gouv.fr/api/1/datasets/r/06d9816c-1b87-498d-985e-f312acee4f51;2026-03-18T14:29:31.512838;2022_burvot_t2_france_entiere.xlsx
69_134;69;Rhône;134;Moiré;Complet;194;33;17.01;161;82.99;8;4.12;4.97;1;0.52;0.62;152;78.35;94.41;https://www.data.gouv.fr/api/1/datasets/r/06d9816c-1b87-498d-985e-f312acee4f51;2026-03-18T14:29:31.512838;2022_burvot_t2_france_entiere.xlsx
69_135;69;Rhône;135;Deux-Grosnes;Complet;1343;299;22.26;1044;77.74;58;4.32;5.56;20;1.49;1.92;966;71.93;92.53;https://www.data.gouv.fr/api/1/datasets/r/06d9816c-1b87-498d-985e-f312acee4f51;2026-03-18T14:29:31.512838;2022_burvot_t2_france_entiere.xlsx
69_136;69;Rhône;136;Montagny;Complet;2217;471;21.24;1746;78.76;118;5.32;6.76;25;1.13;1.43;1603;72.3;91.81;https://www.data.gouv.fr/api/1/datasets/r/06d9816c-1b87-498d-985e-f312acee4f51;2026-03-18T14:29:31.512838;2022_burvot_t2_france_entiere.xlsx
69_137;69;Rhône;137;Montmelas-Saint-Sorlin;Complet;333;62;18.62;271;81.38;20;6.01;7.38;5;1.5;1.85;246;73.87;90.77;https://www.data.gouv.fr/api/1/datasets/r/06d9816c-1b87-498d-985e-f312acee4f51;2026-03-18T14:29:31.512838;2022_burvot_t2_france_entiere.xlsx
69_138;69;Rhône;138;Montromant;Complet;348;67;19.25;281;80.75;25;7.18;8.9;6;1.72;2.14;250;71.84;88.97;https://www.data.gouv.fr/api/1/datasets/r/06d9816c-1b87-498d-985e-f312acee4f51;2026-03-18T14:29:31.512838;2022_burvot_t2_france_entiere.xlsx
69_139;69;Rhône;139;Montrottier;Complet;1082;242;22.37;840;77.63;50;4.62;5.95;16;1.48;1.9;774;71.53;92.14;https://www.data.gouv.fr/api/1/datasets/r/06d9816c-1b87-498d-985e-f312acee4f51;2026-03-18T14:29:31.512838;2022_burvot_t2_france_entiere.xlsx
69_140;69;Rhône;140;Morancé;Complet;1784;300;16.82;1484;83.18;83;4.65;5.59;17;0.95;1.15;1384;77.58;93.26;https://www.data.gouv.fr/api/1/datasets/r/06d9816c-1b87-498d-985e-f312acee4f51;2026-03-18T14:29:31.512838;2022_burvot_t2_france_entiere.xlsx
69_141;69;Rhône;141;Mornant;Complet;4834;1107;22.9;3727;77.1;278;5.75;7.46;51;1.06;1.37;3398;70.29;91.17;https://www.data.gouv.fr/api/1/datasets/r/06d9816c-1b87-498d-985e-f312acee4f51;2026-03-18T14:29:31.512838;2022_burvot_t2_france_entiere.xlsx
69_142;69;Rhône;142;La Mulatière;Complet;3834;1142;29.79;2692;70.21;164;4.28;6.09;44;1.15;1.63;2484;64.79;92.27;https://www.data.gouv.fr/api/1/datasets/r/06d9816c-1b87-498d-985e-f312acee4f51;2026-03-18T14:29:31.512838;2022_burvot_t2_france_entiere.xlsx
69_143;69;Rhône;143;Neuville-sur-Saône;Complet;5143;1514;29.44;3629;70.56;208;4.04;5.73;58;1.13;1.6;3363;65.39;92.67;https://www.data.gouv.fr/api/1/datasets/r/06d9816c-1b87-498d-985e-f312acee4f51;2026-03-18T14:29:31.512838;2022_burvot_t2_france_entiere.xlsx
69_145;69;Rhône;145;Odenas;Complet;628;130;20.7;498;79.3;30;4.78;6.02;4;0.64;0.8;464;73.89;93.17;https://www.data.gouv.fr/api/1/datasets/r/06d9816c-1b87-498d-985e-f312acee4f51;2026-03-18T14:29:31.512838;2022_burvot_t2_france_entiere.xlsx
69_148;69;Rhône;148;Orliénas;Complet;1983;339;17.1;1644;82.9;89;4.49;5.41;16;0.81;0.97;1539;77.61;93.61;https://www.data.gouv.fr/api/1/datasets/r/06d9816c-1b87-498d-985e-f312acee4f51;2026-03-18T14:29:31.512838;2022_burvot_t2_france_entiere.xlsx
69_149;69;Rhône;149;Oullins;Complet;16911;4488;26.54;12423;73.46;811;4.8;6.53;231;1.37;1.86;11381;67.3;91.61;https://www.data.gouv.fr/api/1/datasets/r/06d9816c-1b87-498d-985e-f312acee4f51;2026-03-18T14:29:31.512838;2022_burvot_t2_france_entiere.xlsx
69_151;69;Rhône;151;Le Perréon;Complet;1088;205;18.84;883;81.16;45;4.14;5.1;12;1.1;1.36;826;75.92;93.54;https://www.data.gouv.fr/api/1/datasets/r/06d9816c-1b87-498d-985e-f312acee4f51;2026-03-18T14:29:31.512838;2022_burvot_t2_france_entiere.xlsx
69_152;69;Rhône;152;Pierre-Bénite;Complet;6395;2336;36.53;4059;63.47;279;4.36;6.87;87;1.36;2.14;3693;57.75;90.98;https://www.data.gouv.fr/api/1/datasets/r/06d9816c-1b87-498d-985e-f312acee4f51;2026-03-18T14:29:31.512838;2022_burvot_t2_france_entiere.xlsx
69_153;69;Rhône;153;Poleymieux-au-Mont-d'Or;Complet;838;146;17.42;692;82.58;38;4.53;5.49;7;0.84;1.01;647;77.21;93.5;https://www.data.gouv.fr/api/1/datasets/r/06d9816c-1b87-498d-985e-f312acee4f51;2026-03-18T14:29:31.512838;2022_burvot_t2_france_entiere.xlsx
69_154;69;Rhône;154;Pollionnay;Complet;1786;310;17.36;1476;82.64;84;4.7;5.69;18;1.01;1.22;1374;76.93;93.09;https://www.data.gouv.fr/api/1/datasets/r/06d9816c-1b87-498d-985e-f312acee4f51;2026-03-18T14:29:31.512838;2022_burvot_t2_france_entiere.xlsx
69_155;69;Rhône;155;Pomeys;Complet;924;166;17.97;758;82.03;35;3.79;4.62;9;0.97;1.19;714;77.27;94.2;https://www.data.gouv.fr/api/1/datasets/r/06d9816c-1b87-498d-985e-f312acee4f51;2026-03-18T14:29:31.512838;2022_burvot_t2_france_entiere.xlsx
69_156;69;Rhône;156;Pommiers;Complet;2024;380;18.77;1644;81.23;96;4.74;5.84;23;1.14;1.4;1525;75.35;92.76;https://www.data.gouv.fr/api/1/datasets/r/06d9816c-1b87-498d-985e-f312acee4f51;2026-03-18T14:29:31.512838;2022_burvot_t2_france_entiere.xlsx
69_157;69;Rhône;157;Vindry-sur-Turdine;Complet;3931;823;20.94;3108;79.06;191;4.86;6.15;51;1.3;1.64;2866;72.91;92.21;https://www.data.gouv.fr/api/1/datasets/r/06d9816c-1b87-498d-985e-f312acee4f51;2026-03-18T14:29:31.512838;2022_burvot_t2_france_entiere.xlsx
69_159;69;Rhône;159;Porte des Pierres Dorées;Complet;3046;571;18.75;2475;81.25;133;4.37;5.37;44;1.44;1.78;2298;75.44;92.85;https://www.data.gouv.fr/api/1/datasets/r/06d9816c-1b87-498d-985e-f312acee4f51;2026-03-18T14:29:31.512838;2022_burvot_t2_france_entiere.xlsx
69_160;69;Rhône;160;Poule-les-Echarmeaux;Complet;833;187;22.45;646;77.55;42;5.04;6.5;8;0.96;1.24;596;71.55;92.26;https://www.data.gouv.fr/api/1/datasets/r/06d9816c-1b87-498d-985e-f312acee4f51;2026-03-18T14:29:31.512838;2022_burvot_t2_france_entiere.xlsx
69_161;69;Rhône;161;Propières;Complet;400;95;23.75;305;76.25;18;4.5;5.9;4;1.0;1.31;283;70.75;92.79;https://www.data.gouv.fr/api/1/datasets/r/06d9816c-1b87-498d-985e-f312acee4f51;2026-03-18T14:29:31.512838;2022_burvot_t2_france_entiere.xlsx
69_162;69;Rhône;162;Quincié-en-Beaujolais;Complet;1040;222;21.35;818;78.65;46;4.42;5.62;10;0.96;1.22;762;73.27;93.15;https://www.data.gouv.fr/api/1/datasets/r/06d9816c-1b87-498d-985e-f312acee4f51;2026-03-18T14:29:31.512838;2022_burvot_t2_france_entiere.xlsx
69_163;69;Rhône;163;Quincieux;Complet;2570;495;19.26;2075;80.74;107;4.16;5.16;29;1.13;1.4;1939;75.45;93.45;https://www.data.gouv.fr/api/1/datasets/r/06d9816c-1b87-498d-985e-f312acee4f51;2026-03-18T14:29:31.512838;2022_burvot_t2_france_entiere.xlsx
69_164;69;Rhône;164;Ranchal;Complet;276;66;23.91;210;76.09;18;6.52;8.57;3;1.09;1.43;189;68.48;90.0;https://www.data.gouv.fr/api/1/datasets/r/06d9816c-1b87-498d-985e-f312acee4f51;2026-03-18T14:29:31.512838;2022_burvot_t2_france_entiere.xlsx
69_165;69;Rhône;165;Régnié-Durette;Complet;801;145;18.1;656;81.9;49;6.12;7.47;8;1.0;1.22;599;74.78;91.31;https://www.data.gouv.fr/api/1/datasets/r/06d9816c-1b87-498d-985e-f312acee4f51;2026-03-18T14:29:31.512838;2022_burvot_t2_france_entiere.xlsx
69_166;69;Rhône;166;Riverie;Complet;189;31;16.4;158;83.6;11;5.82;6.96;0;0.0;0.0;147;77.78;93.04;https://www.data.gouv.fr/api/1/datasets/r/06d9816c-1b87-498d-985e-f312acee4f51;2026-03-18T14:29:31.512838;2022_burvot_t2_france_entiere.xlsx
69_167;69;Rhône;167;Rivolet;Complet;457;76;16.63;381;83.37;29;6.35;7.61;7;1.53;1.84;345;75.49;90.55;https://www.data.gouv.fr/api/1/datasets/r/06d9816c-1b87-498d-985e-f312acee4f51;2026-03-18T14:29:31.512838;2022_burvot_t2_france_entiere.xlsx
69_168;69;Rhône;168;Rochetaillée-sur-Saône;Complet;971;205;21.11;766;78.89;31;3.19;4.05;10;1.03;1.31;725;74.67;94.65;https://www.data.gouv.fr/api/1/datasets/r/06d9816c-1b87-498d-985e-f312acee4f51;2026-03-18T14:29:31.512838;2022_burvot_t2_france_entiere.xlsx
69_169;69;Rhône;169;Ronno;Complet;539;92;17.07;447;82.93;26;4.82;5.82;3;0.56;0.67;418;77.55;93.51;https://www.data.gouv.fr/api/1/datasets/r/06d9816c-1b87-498d-985e-f312acee4f51;2026-03-18T14:29:31.512838;2022_burvot_t2_france_entiere.xlsx
69_170;69;Rhône;170;Rontalon;Complet;883;179;20.27;704;79.73;50;5.66;7.1;15;1.7;2.13;639;72.37;90.77;https://www.data.gouv.fr/api/1/datasets/r/06d9816c-1b87-498d-985e-f312acee4f51;2026-03-18T14:29:31.512838;2022_burvot_t2_france_entiere.xlsx
69_171;69;Rhône;171;Sain-Bel;Complet;1700;444;26.12;1256;73.88;97;5.71;7.72;26;1.53;2.07;1133;66.65;90.21;https://www.data.gouv.fr/api/1/datasets/r/06d9816c-1b87-498d-985e-f312acee4f51;2026-03-18T14:29:31.512838;2022_burvot_t2_france_entiere.xlsx
69_172;69;Rhône;172;Salles-Arbuissonnas-en-Beaujolais;Complet;611;115;18.82;496;81.18;34;5.56;6.85;4;0.65;0.81;458;74.96;92.34;https://www.data.gouv.fr/api/1/datasets/r/06d9816c-1b87-498d-985e-f312acee4f51;2026-03-18T14:29:31.512838;2022_burvot_t2_france_entiere.xlsx
69_173;69;Rhône;173;Sarcey;Complet;757;153;20.21;604;79.79;36;4.76;5.96;13;1.72;2.15;555;73.32;91.89;https://www.data.gouv.fr/api/1/datasets/r/06d9816c-1b87-498d-985e-f312acee4f51;2026-03-18T14:29:31.512838;2022_burvot_t2_france_entiere.xlsx
69_174;69;Rhône;174;Les Sauvages;Complet;491;109;22.2;382;77.8;29;5.91;7.59;7;1.43;1.83;346;70.47;90.58;https://www.data.gouv.fr/api/1/datasets/r/06d9816c-1b87-498d-985e-f312acee4f51;2026-03-18T14:29:31.512838;2022_burvot_t2_france_entiere.xlsx
69_175;69;Rhône;175;Savigny;Complet;1561;276;17.68;1285;82.32;78;5.0;6.07;23;1.47;1.79;1184;75.85;92.14;https://www.data.gouv.fr/api/1/datasets/r/06d9816c-1b87-498d-985e-f312acee4f51;2026-03-18T14:29:31.512838;2022_burvot_t2_france_entiere.xlsx
69_176;69;Rhône;176;Soucieu-en-Jarrest;Complet;3373;728;21.58;2645;78.42;163;4.83;6.16;43;1.27;1.63;2439;72.31;92.21;https://www.data.gouv.fr/api/1/datasets/r/06d9816c-1b87-498d-985e-f312acee4f51;2026-03-18T14:29:31.512838;2022_burvot_t2_france_entiere.xlsx
69_177;69;Rhône;177;Sourcieux-les-Mines;Complet;1563;308;19.71;1255;80.29;69;4.41;5.5;21;1.34;1.67;1165;74.54;92.83;https://www.data.gouv.fr/api/1/datasets/r/06d9816c-1b87-498d-985e-f312acee4f51;2026-03-18T14:29:31.512838;2022_burvot_t2_france_entiere.xlsx
69_178;69;Rhône;178;Souzy;Complet;530;118;22.26;412;77.74;40;7.55;9.71;10;1.89;2.43;362;68.3;87.86;https://www.data.gouv.fr/api/1/datasets/r/06d9816c-1b87-498d-985e-f312acee4f51;2026-03-18T14:29:31.512838;2022_burvot_t2_france_entiere.xlsx
69_179;69;Rhône;179;Beauvallon;Complet;3086;608;19.7;2478;80.3;176;5.7;7.1;36;1.17;1.45;2266;73.43;91.44;https://www.data.gouv.fr/api/1/datasets/r/06d9816c-1b87-498d-985e-f312acee4f51;2026-03-18T14:29:31.512838;2022_burvot_t2_france_entiere.xlsx
69_180;69;Rhône;180;Saint-André-la-Côte;Complet;217;33;15.21;184;84.79;13;5.99;7.07;2;0.92;1.09;169;77.88;91.85;https://www.data.gouv.fr/api/1/datasets/r/06d9816c-1b87-498d-985e-f312acee4f51;2026-03-18T14:29:31.512838;2022_burvot_t2_france_entiere.xlsx
69_181;69;Rhône;181;Saint-Appolinaire;Complet;148;27;18.24;121;81.76;14;9.46;11.57;2;1.35;1.65;105;70.95;86.78;https://www.data.gouv.fr/api/1/datasets/r/06d9816c-1b87-498d-985e-f312acee4f51;2026-03-18T14:29:31.512838;2022_burvot_t2_france_entiere.xlsx
69_182;69;Rhône;182;Saint-Bonnet-des-Bruyères;Complet;328;81;24.7;247;75.3;18;5.49;7.29;3;0.91;1.21;226;68.9;91.5;https://www.data.gouv.fr/api/1/datasets/r/06d9816c-1b87-498d-985e-f312acee4f51;2026-03-18T14:29:31.512838;2022_burvot_t2_france_entiere.xlsx
69_183;69;Rhône;183;Saint-Bonnet-le-Troncy;Complet;232;38;16.38;194;83.62;20;8.62;10.31;1;0.43;0.52;173;74.57;89.18;https://www.data.gouv.fr/api/1/datasets/r/06d9816c-1b87-498d-985e-f312acee4f51;2026-03-18T14:29:31.512838;2022_burvot_t2_france_entiere.xlsx
69_184;69;Rhône;184;Sainte-Catherine;Complet;726;141;19.42;585;80.58;52;7.16;8.89;6;0.83;1.03;527;72.59;90.09;https://www.data.gouv.fr/api/1/datasets/r/06d9816c-1b87-498d-985e-f312acee4f51;2026-03-18T14:29:31.512838;2022_burvot_t2_france_entiere.xlsx
69_186;69;Rhône;186;Saint-Clément-de-Vers;Complet;194;33;17.01;161;82.99;5;2.58;3.11;2;1.03;1.24;154;79.38;95.65;https://www.data.gouv.fr/api/1/datasets/r/06d9816c-1b87-498d-985e-f312acee4f51;2026-03-18T14:29:31.512838;2022_burvot_t2_france_entiere.xlsx
69_187;69;Rhône;187;Saint-Clément-les-Places;Complet;489;102;20.86;387;79.14;30;6.13;7.75;5;1.02;1.29;352;71.98;90.96;https://www.data.gouv.fr/api/1/datasets/r/06d9816c-1b87-498d-985e-f312acee4f51;2026-03-18T14:29:31.512838;2022_burvot_t2_france_entiere.xlsx
69_188;69;Rhône;188;Saint-Clément-sous-Valsonne;Complet;579;126;21.76;453;78.24;35;6.04;7.73;15;2.59;3.31;403;69.6;88.96;https://www.data.gouv.fr/api/1/datasets/r/06d9816c-1b87-498d-985e-f312acee4f51;2026-03-18T14:29:31.512838;2022_burvot_t2_france_entiere.xlsx
69_189;69;Rhône;189;Sainte-Colombe;Complet;1552;414;26.68;1138;73.32;76;4.9;6.68;24;1.55;2.11;1038;66.88;91.21;https://www.data.gouv.fr/api/1/datasets/r/06d9816c-1b87-498d-985e-f312acee4f51;2026-03-18T14:29:31.512838;2022_burvot_t2_france_entiere.xlsx
69_190;69;Rhône;190;Sainte-Consorce;Complet;1631;351;21.52;1280;78.48;71;4.35;5.55;23;1.41;1.8;1186;72.72;92.66;https://www.data.gouv.fr/api/1/datasets/r/06d9816c-1b87-498d-985e-f312acee4f51;2026-03-18T14:29:31.512838;2022_burvot_t2_france_entiere.xlsx
69_191;69;Rhône;191;Saint-Cyr-au-Mont-d'Or;Complet;4975;1080;21.71;3895;78.29;161;3.24;4.13;44;0.88;1.13;3690;74.17;94.74;https://www.data.gouv.fr/api/1/datasets/r/06d9816c-1b87-498d-985e-f312acee4f51;2026-03-18T14:29:31.512838;2022_burvot_t2_france_entiere.xlsx
69_192;69;Rhône;192;Saint-Cyr-le-Chatoux;Complet;131;19;14.5;112;85.5;8;6.11;7.14;1;0.76;0.89;103;78.63;91.96;https://www.data.gouv.fr/api/1/datasets/r/06d9816c-1b87-498d-985e-f312acee4f51;2026-03-18T14:29:31.512838;2022_burvot_t2_france_entiere.xlsx
69_193;69;Rhône;193;Saint-Cyr-sur-le-Rhône;Complet;1091;213;19.52;878;80.48;41;3.76;4.67;17;1.56;1.94;820;75.16;93.39;https://www.data.gouv.fr/api/1/datasets/r/06d9816c-1b87-498d-985e-f312acee4f51;2026-03-18T14:29:31.512838;2022_burvot_t2_france_entiere.xlsx
69_194;69;Rhône;194;Saint-Didier-au-Mont-d'Or;Complet;5902;1157;19.6;4745;80.4;190;3.22;4.0;58;0.98;1.22;4497;76.19;94.77;https://www.data.gouv.fr/api/1/datasets/r/06d9816c-1b87-498d-985e-f312acee4f51;2026-03-18T14:29:31.512838;2022_burvot_t2_france_entiere.xlsx
69_196;69;Rhône;196;Saint-Didier-sur-Beaujeu;Complet;471;98;20.81;373;79.19;34;7.22;9.12;9;1.91;2.41;330;70.06;88.47;https://www.data.gouv.fr/api/1/datasets/r/06d9816c-1b87-498d-985e-f312acee4f51;2026-03-18T14:29:31.512838;2022_burvot_t2_france_entiere.xlsx
69_197;69;Rhône;197;Saint-Etienne-des-Oullières;Complet;1737;399;22.97;1338;77.03;77;4.43;5.75;24;1.38;1.79;1237;71.21;92.45;https://www.data.gouv.fr/api/1/datasets/r/06d9816c-1b87-498d-985e-f312acee4f51;2026-03-18T14:29:31.512838;2022_burvot_t2_france_entiere.xlsx
69_198;69;Rhône;198;Saint-Etienne-la-Varenne;Complet;604;105;17.38;499;82.62;37;6.13;7.41;6;0.99;1.2;456;75.5;91.38;https://www.data.gouv.fr/api/1/datasets/r/06d9816c-1b87-498d-985e-f312acee4f51;2026-03-18T14:29:31.512838;2022_burvot_t2_france_entiere.xlsx
69_199;69;Rhône;199;Saint-Fons;Complet;8578;4082;47.59;4496;52.41;286;3.33;6.36;100;1.17;2.22;4110;47.91;91.41;https://www.data.gouv.fr/api/1/datasets/r/06d9816c-1b87-498d-985e-f312acee4f51;2026-03-18T14:29:31.512838;2022_burvot_t2_france_entiere.xlsx
69_200;69;Rhône;200;Saint-Forgeux;Complet;1203;271;22.53;932;77.47;59;4.9;6.33;27;2.24;2.9;846;70.32;90.77;https://www.data.gouv.fr/api/1/datasets/r/06d9816c-1b87-498d-985e-f312acee4f51;2026-03-18T14:29:31.512838;2022_burvot_t2_france_entiere.xlsx
69_201;69;Rhône;201;Sainte-Foy-l'Argentière;Complet;917;257;28.03;660;71.97;35;3.82;5.3;10;1.09;1.52;615;67.07;93.18;https://www.data.gouv.fr/api/1/datasets/r/06d9816c-1b87-498d-985e-f312acee4f51;2026-03-18T14:29:31.512838;2022_burvot_t2_france_entiere.xlsx
69_202;69;Rhône;202;Sainte-Foy-lès-Lyon;Complet;15762;3313;21.02;12449;78.98;623;3.95;5.0;155;0.98;1.25;11671;74.05;93.75;https://www.data.gouv.fr/api/1/datasets/r/06d9816c-1b87-498d-985e-f312acee4f51;2026-03-18T14:29:31.512838;2022_burvot_t2_france_entiere.xlsx
69_203;69;Rhône;203;Saint-Genis-l'Argentière;Complet;760;187;24.61;573;75.39;48;6.32;8.38;12;1.58;2.09;513;67.5;89.53;https://www.data.gouv.fr/api/1/datasets/r/06d9816c-1b87-498d-985e-f312acee4f51;2026-03-18T14:29:31.512838;2022_burvot_t2_france_entiere.xlsx
69_204;69;Rhône;204;Saint-Genis-Laval;Complet;14757;3406;23.08;11351;76.92;606;4.11;5.34;180;1.22;1.59;10565;71.59;93.08;https://www.data.gouv.fr/api/1/datasets/r/06d9816c-1b87-498d-985e-f312acee4f51;2026-03-18T14:29:31.512838;2022_burvot_t2_france_entiere.xlsx
69_205;69;Rhône;205;Saint-Genis-les-Ollières;Complet;3817;741;19.41;3076;80.59;178;4.66;5.79;44;1.15;1.43;2854;74.77;92.78;https://www.data.gouv.fr/api/1/datasets/r/06d9816c-1b87-498d-985e-f312acee4f51;2026-03-18T14:29:31.512838;2022_burvot_t2_france_entiere.xlsx
69_206;69;Rhône;206;Saint-Georges-de-Reneins;Complet;3379;786;23.26;2593;76.74;123;3.64;4.74;35;1.04;1.35;2435;72.06;93.91;https://www.data.gouv.fr/api/1/datasets/r/06d9816c-1b87-498d-985e-f312acee4f51;2026-03-18T14:29:31.512838;2022_burvot_t2_france_entiere.xlsx
69_207;69;Rhône;207;Saint-Germain-au-Mont-d'Or;Complet;2175;553;25.43;1622;74.57;103;4.74;6.35;32;1.47;1.97;1487;68.37;91.68;https://www.data.gouv.fr/api/1/datasets/r/06d9816c-1b87-498d-985e-f312acee4f51;2026-03-18T14:29:31.512838;2022_burvot_t2_france_entiere.xlsx
69_208;69;Rhône;208;Saint-Germain-Nuelles;Complet;1761;308;17.49;1453;82.51;92;5.22;6.33;29;1.65;2.0;1332;75.64;91.67;https://www.data.gouv.fr/api/1/datasets/r/06d9816c-1b87-498d-985e-f312acee4f51;2026-03-18T14:29:31.512838;2022_burvot_t2_france_entiere.xlsx
69_209;69;Rhône;209;Saint-Igny-de-Vers;Complet;486;128;26.34;358;73.66;16;3.29;4.47;5;1.03;1.4;337;69.34;94.13;https://www.data.gouv.fr/api/1/datasets/r/06d9816c-1b87-498d-985e-f312acee4f51;2026-03-18T14:29:31.512838;2022_burvot_t2_france_entiere.xlsx
69_212;69;Rhône;212;Saint-Jean-des-Vignes;Complet;385;72;18.7;313;81.3;22;5.71;7.03;5;1.3;1.6;286;74.29;91.37;https://www.data.gouv.fr/api/1/datasets/r/06d9816c-1b87-498d-985e-f312acee4f51;2026-03-18T14:29:31.512838;2022_burvot_t2_france_entiere.xlsx
69_214;69;Rhône;214;Saint-Jean-la-Bussière;Complet;908;180;19.82;728;80.18;48;5.29;6.59;11;1.21;1.51;669;73.68;91.9;https://www.data.gouv.fr/api/1/datasets/r/06d9816c-1b87-498d-985e-f312acee4f51;2026-03-18T14:29:31.512838;2022_burvot_t2_france_entiere.xlsx
69_215;69;Rhône;215;Saint-Julien;Complet;699;113;16.17;586;83.83;30;4.29;5.12;4;0.57;0.68;552;78.97;94.2;https://www.data.gouv.fr/api/1/datasets/r/06d9816c-1b87-498d-985e-f312acee4f51;2026-03-18T14:29:31.512838;2022_burvot_t2_france_entiere.xlsx
69_216;69;Rhône;216;Saint-Julien-sur-Bibost;Complet;420;89;21.19;331;78.81;29;6.9;8.76;7;1.67;2.11;295;70.24;89.12;https://www.data.gouv.fr/api/1/datasets/r/06d9816c-1b87-498d-985e-f312acee4f51;2026-03-18T14:29:31.512838;2022_burvot_t2_france_entiere.xlsx
69_217;69;Rhône;217;Saint-Just-d'Avray;Complet;608;137;22.53;471;77.47;35;5.76;7.43;10;1.64;2.12;426;70.07;90.45;https://www.data.gouv.fr/api/1/datasets/r/06d9816c-1b87-498d-985e-f312acee4f51;2026-03-18T14:29:31.512838;2022_burvot_t2_france_entiere.xlsx
69_218;69;Rhône;218;Saint-Lager;Complet;793;193;24.34;600;75.66;34;4.29;5.67;7;0.88;1.17;559;70.49;93.17;https://www.data.gouv.fr/api/1/datasets/r/06d9816c-1b87-498d-985e-f312acee4f51;2026-03-18T14:29:31.512838;2022_burvot_t2_france_entiere.xlsx
69_219;69;Rhône;219;Saint-Laurent-d'Agny;Complet;1835;420;22.89;1415;77.11;88;4.8;6.22;16;0.87;1.13;1311;71.44;92.65;https://www.data.gouv.fr/api/1/datasets/r/06d9816c-1b87-498d-985e-f312acee4f51;2026-03-18T14:29:31.512838;2022_burvot_t2_france_entiere.xlsx
69_220;69;Rhône;220;Saint-Laurent-de-Chamousset;Complet;1403;304;21.67;1099;78.33;62;4.42;5.64;20;1.43;1.82;1017;72.49;92.54;https://www.data.gouv.fr/api/1/datasets/r/06d9816c-1b87-498d-985e-f312acee4f51;2026-03-18T14:29:31.512838;2022_burvot_t2_france_entiere.xlsx
69_225;69;Rhône;225;Saint-Marcel-l'Eclairé;Complet;461;93;20.17;368;79.83;27;5.86;7.34;12;2.6;3.26;329;71.37;89.4;https://www.data.gouv.fr/api/1/datasets/r/06d9816c-1b87-498d-985e-f312acee4f51;2026-03-18T14:29:31.512838;2022_burvot_t2_france_entiere.xlsx
69_227;69;Rhône;227;Saint-Martin-en-Haut;Complet;3183;662;20.8;2521;79.2;172;5.4;6.82;47;1.48;1.86;2302;72.32;91.31;https://www.data.gouv.fr/api/1/datasets/r/06d9816c-1b87-498d-985e-f312acee4f51;2026-03-18T14:29:31.512838;2022_burvot_t2_france_entiere.xlsx
69_228;69;Rhône;228;Chabanière;Complet;3282;633;19.29;2649;80.71;167;5.09;6.3;48;1.46;1.81;2434;74.16;91.88;https://www.data.gouv.fr/api/1/datasets/r/06d9816c-1b87-498d-985e-f312acee4f51;2026-03-18T14:29:31.512838;2022_burvot_t2_france_entiere.xlsx
69_229;69;Rhône;229;Saint-Nizier-d'Azergues;Complet;554;122;22.02;432;77.98;32;5.78;7.41;8;1.44;1.85;392;70.76;90.74;https://www.data.gouv.fr/api/1/datasets/r/06d9816c-1b87-498d-985e-f312acee4f51;2026-03-18T14:29:31.512838;2022_burvot_t2_france_entiere.xlsx
69_230;69;Rhône;230;Sainte-Paule;Complet;272;57;20.96;215;79.04;11;4.04;5.12;4;1.47;1.86;200;73.53;93.02;https://www.data.gouv.fr/api/1/datasets/r/06d9816c-1b87-498d-985e-f312acee4f51;2026-03-18T14:29:31.512838;2022_burvot_t2_france_entiere.xlsx
69_231;69;Rhône;231;Saint-Pierre-la-Palud;Complet;2121;515;24.28;1606;75.72;132;6.22;8.22;28;1.32;1.74;1446;68.18;90.04;https://www.data.gouv.fr/api/1/datasets/r/06d9816c-1b87-498d-985e-f312acee4f51;2026-03-18T14:29:31.512838;2022_burvot_t2_france_entiere.xlsx
69_233;69;Rhône;233;Saint-Romain-au-Mont-d'Or;Complet;962;178;18.5;784;81.5;46;4.78;5.87;13;1.35;1.66;725;75.36;92.47;https://www.data.gouv.fr/api/1/datasets/r/06d9816c-1b87-498d-985e-f312acee4f51;2026-03-18T14:29:31.512838;2022_burvot_t2_france_entiere.xlsx
69_234;69;Rhône;234;Saint-Romain-de-Popey;Complet;1284;235;18.3;1049;81.7;58;4.52;5.53;19;1.48;1.81;972;75.7;92.66;https://www.data.gouv.fr/api/1/datasets/r/06d9816c-1b87-498d-985e-f312acee4f51;2026-03-18T14:29:31.512838;2022_burvot_t2_france_entiere.xlsx
69_235;69;Rhône;235;Saint-Romain-en-Gal;Complet;1362;281;20.63;1081;79.37;76;5.58;7.03;31;2.28;2.87;974;71.51;90.1;https://www.data.gouv.fr/api/1/datasets/r/06d9816c-1b87-498d-985e-f312acee4f51;2026-03-18T14:29:31.512838;2022_burvot_t2_france_entiere.xlsx
69_236;69;Rhône;236;Saint-Romain-en-Gier;Complet;405;85;20.99;320;79.01;28;6.91;8.75;7;1.73;2.19;285;70.37;89.06;https://www.data.gouv.fr/api/1/datasets/r/06d9816c-1b87-498d-985e-f312acee4f51;2026-03-18T14:29:31.512838;2022_burvot_t2_france_entiere.xlsx
69_238;69;Rhône;238;Saint-Symphorien-sur-Coise;Complet;2775;718;25.87;2057;74.13;118;4.25;5.74;43;1.55;2.09;1896;68.32;92.17;https://www.data.gouv.fr/api/1/datasets/r/06d9816c-1b87-498d-985e-f312acee4f51;2026-03-18T14:29:31.512838;2022_burvot_t2_france_entiere.xlsx
69_239;69;Rhône;239;Saint-Vérand;Complet;957;197;20.59;760;79.41;43;4.49;5.66;8;0.84;1.05;709;74.09;93.29;https://www.data.gouv.fr/api/1/datasets/r/06d9816c-1b87-498d-985e-f312acee4f51;2026-03-18T14:29:31.512838;2022_burvot_t2_france_entiere.xlsx
69_240;69;Rhône;240;Saint-Vincent-de-Reins;Complet;535;123;22.99;412;77.01;19;3.55;4.61;9;1.68;2.18;384;71.78;93.2;https://www.data.gouv.fr/api/1/datasets/r/06d9816c-1b87-498d-985e-f312acee4f51;2026-03-18T14:29:31.512838;2022_burvot_t2_france_entiere.xlsx
69_241;69;Rhône;241;Taluyers;Complet;1987;431;21.69;1556;78.31;78;3.93;5.01;17;0.86;1.09;1461;73.53;93.89;https://www.data.gouv.fr/api/1/datasets/r/06d9816c-1b87-498d-985e-f312acee4f51;2026-03-18T14:29:31.512838;2022_burvot_t2_france_entiere.xlsx
69_242;69;Rhône;242;Taponas;Complet;758;198;26.12;560;73.88;34;4.49;6.07;2;0.26;0.36;524;69.13;93.57;https://www.data.gouv.fr/api/1/datasets/r/06d9816c-1b87-498d-985e-f312acee4f51;2026-03-18T14:29:31.512838;2022_burvot_t2_france_entiere.xlsx
69_243;69;Rhône;243;Tarare;Complet;6708;2267;33.8;4441;66.2;256;3.82;5.76;91;1.36;2.05;4094;61.03;92.19;https://www.data.gouv.fr/api/1/datasets/r/06d9816c-1b87-498d-985e-f312acee4f51;2026-03-18T14:29:31.512838;2022_burvot_t2_france_entiere.xlsx
69_244;69;Rhône;244;Tassin-la-Demi-Lune;Complet;15278;3577;23.41;11701;76.59;528;3.46;4.51;154;1.01;1.32;11019;72.12;94.17;https://www.data.gouv.fr/api/1/datasets/r/06d9816c-1b87-498d-985e-f312acee4f51;2026-03-18T14:29:31.512838;2022_burvot_t2_france_entiere.xlsx
69_245;69;Rhône;245;Ternand;Complet;591;108;18.27;483;81.73;37;6.26;7.66;9;1.52;1.86;437;73.94;90.48;https://www.data.gouv.fr/api/1/datasets/r/06d9816c-1b87-498d-985e-f312acee4f51;2026-03-18T14:29:31.512838;2022_burvot_t2_france_entiere.xlsx
69_246;69;Rhône;246;Theizé;Complet;994;174;17.51;820;82.49;67;6.74;8.17;11;1.11;1.34;742;74.65;90.49;https://www.data.gouv.fr/api/1/datasets/r/06d9816c-1b87-498d-985e-f312acee4f51;2026-03-18T14:29:31.512838;2022_burvot_t2_france_entiere.xlsx
69_248;69;Rhône;248;Thizy-Les-Bourgs;Complet;3928;1093;27.83;2835;72.17;176;4.48;6.21;56;1.43;1.98;2603;66.27;91.82;https://www.data.gouv.fr/api/1/datasets/r/06d9816c-1b87-498d-985e-f312acee4f51;2026-03-18T14:29:31.512838;2022_burvot_t2_france_entiere.xlsx
69_249;69;Rhône;249;Thurins;Complet;2402;478;19.9;1924;80.1;111;4.62;5.77;24;1.0;1.25;1789;74.48;92.98;https://www.data.gouv.fr/api/1/datasets/r/06d9816c-1b87-498d-985e-f312acee4f51;2026-03-18T14:29:31.512838;2022_burvot_t2_france_entiere.xlsx
69_250;69;Rhône;250;La Tour-de-Salvagny;Complet;3413;571;16.73;2842;83.27;162;4.75;5.7;25;0.73;0.88;2655;77.79;93.42;https://www.data.gouv.fr/api/1/datasets/r/06d9816c-1b87-498d-985e-f312acee4f51;2026-03-18T14:29:31.512838;2022_burvot_t2_france_entiere.xlsx
69_252;69;Rhône;252;Trèves;Complet;579;144;24.87;435;75.13;31;5.35;7.13;5;0.86;1.15;399;68.91;91.72;https://www.data.gouv.fr/api/1/datasets/r/06d9816c-1b87-498d-985e-f312acee4f51;2026-03-18T14:29:31.512838;2022_burvot_t2_france_entiere.xlsx
69_253;69;Rhône;253;Tupin-et-Semons;Complet;517;122;23.6;395;76.4;18;3.48;4.56;9;1.74;2.28;368;71.18;93.16;https://www.data.gouv.fr/api/1/datasets/r/06d9816c-1b87-498d-985e-f312acee4f51;2026-03-18T14:29:31.512838;2022_burvot_t2_france_entiere.xlsx
69_254;69;Rhône;254;Valsonne;Complet;657;145;22.07;512;77.93;30;4.57;5.86;5;0.76;0.98;477;72.6;93.16;https://www.data.gouv.fr/api/1/datasets/r/06d9816c-1b87-498d-985e-f312acee4f51;2026-03-18T14:29:31.512838;2022_burvot_t2_france_entiere.xlsx
69_255;69;Rhône;255;Vaugneray;Complet;4513;955;21.16;3558;78.84;208;4.61;5.85;55;1.22;1.55;3295;73.01;92.61;https://www.data.gouv.fr/api/1/datasets/r/06d9816c-1b87-498d-985e-f312acee4f51;2026-03-18T14:29:31.512838;2022_burvot_t2_france_entiere.xlsx
69_256;69;Rhône;256;Vaulx-en-Velin;Complet;24138;12099;50.12;12039;49.88;727;3.01;6.04;240;0.99;1.99;11072;45.87;91.97;https://www.data.gouv.fr/api/1/datasets/r/06d9816c-1b87-498d-985e-f312acee4f51;2026-03-18T14:29:31.512838;2022_burvot_t2_france_entiere.xlsx
69_257;69;Rhône;257;Vaux-en-Beaujolais;Complet;868;178;20.51;690;79.49;25;2.88;3.62;7;0.81;1.01;658;75.81;95.36;https://www.data.gouv.fr/api/1/datasets/r/06d9816c-1b87-498d-985e-f312acee4f51;2026-03-18T14:29:31.512838;2022_burvot_t2_france_entiere.xlsx
69_258;69;Rhône;258;Vauxrenard;Complet;268;49;18.28;219;81.72;15;5.6;6.85;6;2.24;2.74;198;73.88;90.41;https://www.data.gouv.fr/api/1/datasets/r/06d9816c-1b87-498d-985e-f312acee4f51;2026-03-18T14:29:31.512838;2022_burvot_t2_france_entiere.xlsx
69_259;69;Rhône;259;Vénissieux;Complet;29254;12222;41.78;17032;58.22;1106;3.78;6.49;405;1.38;2.38;15521;53.06;91.13;https://www.data.gouv.fr/api/1/datasets/r/06d9816c-1b87-498d-985e-f312acee4f51;2026-03-18T14:29:31.512838;2022_burvot_t2_france_entiere.xlsx
69_260;69;Rhône;260;Vernaison;Complet;3318;753;22.69;2565;77.31;143;4.31;5.58;23;0.69;0.9;2399;72.3;93.53;https://www.data.gouv.fr/api/1/datasets/r/06d9816c-1b87-498d-985e-f312acee4f51;2026-03-18T14:29:31.512838;2022_burvot_t2_france_entiere.xlsx
69_261;69;Rhône;261;Vernay;Complet;55;5;9.09;50;90.91;6;10.91;12.0;0;0.0;0.0;44;80.0;88.0;https://www.data.gouv.fr/api/1/datasets/r/06d9816c-1b87-498d-985e-f312acee4f51;2026-03-18T14:29:31.512838;2022_burvot_t2_france_entiere.xlsx
69_263;69;Rhône;263;Villechenève;Complet;684;148;21.64;536;78.36;34;4.97;6.34;6;0.88;1.12;496;72.51;92.54;https://www.data.gouv.fr/api/1/datasets/r/06d9816c-1b87-498d-985e-f312acee4f51;2026-03-18T14:29:31.512838;2022_burvot_t2_france_entiere.xlsx
69_264;69;Rhône;264;Villefranche-sur-Saône;Complet;19167;6344;33.1;12823;66.9;793;4.14;6.18;239;1.25;1.86;11791;61.52;91.95;https://www.data.gouv.fr/api/1/datasets/r/06d9816c-1b87-498d-985e-f312acee4f51;2026-03-18T14:29:31.512838;2022_burvot_t2_france_entiere.xlsx
69_265;69;Rhône;265;Ville-sur-Jarnioux;Complet;689;117;16.98;572;83.02;35;5.08;6.12;5;0.73;0.87;532;77.21;93.01;https://www.data.gouv.fr/api/1/datasets/r/06d9816c-1b87-498d-985e-f312acee4f51;2026-03-18T14:29:31.512838;2022_burvot_t2_france_entiere.xlsx
69_266;69;Rhône;266;Villeurbanne;Complet;88520;30847;34.85;57673;65.15;3621;4.09;6.28;914;1.03;1.58;53138;60.03;92.14;https://www.data.gouv.fr/api/1/datasets/r/06d9816c-1b87-498d-985e-f312acee4f51;2026-03-18T14:29:31.512838;2022_burvot_t2_france_entiere.xlsx
69_267;69;Rhône;267;Villié-Morgon;Complet;1733;369;21.29;1364;78.71;77;4.44;5.65;30;1.73;2.2;1257;72.53;92.16;https://www.data.gouv.fr/api/1/datasets/r/06d9816c-1b87-498d-985e-f312acee4f51;2026-03-18T14:29:31.512838;2022_burvot_t2_france_entiere.xlsx
69_268;69;Rhône;268;Vourles;Complet;2733;526;19.25;2207;80.75;103;3.77;4.67;51;1.87;2.31;2053;75.12;93.02;https://www.data.gouv.fr/api/1/datasets/r/06d9816c-1b87-498d-985e-f312acee4f51;2026-03-18T14:29:31.512838;2022_burvot_t2_france_entiere.xlsx
69_269;69;Rhône;269;Yzeron;Complet;763;141;18.48;622;81.52;46;6.03;7.4;10;1.31;1.61;566;74.18;91.0;https://www.data.gouv.fr/api/1/datasets/r/06d9816c-1b87-498d-985e-f312acee4f51;2026-03-18T14:29:31.512838;2022_burvot_t2_france_entiere.xlsx
69_270;69;Rhône;270;Chaponnay;Complet;3449;648;18.79;2801;81.21;160;4.64;5.71;36;1.04;1.29;2605;75.53;93.0;https://www.data.gouv.fr/api/1/datasets/r/06d9816c-1b87-498d-985e-f312acee4f51;2026-03-18T14:29:31.512838;2022_burvot_t2_france_entiere.xlsx
69_271;69;Rhône;271;Chassieu;Complet;8223;1987;24.16;6236;75.84;274;3.33;4.39;96;1.17;1.54;5866;71.34;94.07;https://www.data.gouv.fr/api/1/datasets/r/06d9816c-1b87-498d-985e-f312acee4f51;2026-03-18T14:29:31.512838;2022_burvot_t2_france_entiere.xlsx
69_272;69;Rhône;272;Communay;Complet;3543;728;20.55;2815;79.45;171;4.83;6.07;45;1.27;1.6;2599;73.36;92.33;https://www.data.gouv.fr/api/1/datasets/r/06d9816c-1b87-498d-985e-f312acee4f51;2026-03-18T14:29:31.512838;2022_burvot_t2_france_entiere.xlsx
69_273;69;Rhône;273;Corbas;Complet;7328;1879;25.64;5449;74.36;322;4.39;5.91;80;1.09;1.47;5047;68.87;92.62;https://www.data.gouv.fr/api/1/datasets/r/06d9816c-1b87-498d-985e-f312acee4f51;2026-03-18T14:29:31.512838;2022_burvot_t2_france_entiere.xlsx
69_275;69;Rhône;275;Décines-Charpieu;Complet;18020;6030;33.46;11990;66.54;738;4.1;6.16;198;1.1;1.65;11054;61.34;92.19;https://www.data.gouv.fr/api/1/datasets/r/06d9816c-1b87-498d-985e-f312acee4f51;2026-03-18T14:29:31.512838;2022_burvot_t2_france_entiere.xlsx
69_276;69;Rhône;276;Feyzin;Complet;6429;2288;35.59;4141;64.41;236;3.67;5.7;82;1.28;1.98;3823;59.46;92.32;https://www.data.gouv.fr/api/1/datasets/r/06d9816c-1b87-498d-985e-f312acee4f51;2026-03-18T14:29:31.512838;2022_burvot_t2_france_entiere.xlsx
69_277;69;Rhône;277;Genas;Complet;10489;2294;21.87;8195;78.13;370;3.53;4.51;113;1.08;1.38;7712;73.52;94.11;https://www.data.gouv.fr/api/1/datasets/r/06d9816c-1b87-498d-985e-f312acee4f51;2026-03-18T14:29:31.512838;2022_burvot_t2_france_entiere.xlsx
69_278;69;Rhône;278;Genay;Complet;3963;946;23.87;3017;76.13;174;4.39;5.77;35;0.88;1.16;2808;70.86;93.07;https://www.data.gouv.fr/api/1/datasets/r/06d9816c-1b87-498d-985e-f312acee4f51;2026-03-18T14:29:31.512838;2022_burvot_t2_france_entiere.xlsx
69_279;69;Rhône;279;Jonage;Complet;4743;1000;21.08;3743;78.92;191;4.03;5.1;37;0.78;0.99;3515;74.11;93.91;https://www.data.gouv.fr/api/1/datasets/r/06d9816c-1b87-498d-985e-f312acee4f51;2026-03-18T14:29:31.512838;2022_burvot_t2_france_entiere.xlsx
69_280;69;Rhône;280;Jons;Complet;1077;250;23.21;827;76.79;35;3.25;4.23;9;0.84;1.09;783;72.7;94.68;https://www.data.gouv.fr/api/1/datasets/r/06d9816c-1b87-498d-985e-f312acee4f51;2026-03-18T14:29:31.512838;2022_burvot_t2_france_entiere.xlsx
69_281;69;Rhône;281;Marennes;Complet;1420;284;20.0;1136;80.0;53;3.73;4.67;20;1.41;1.76;1063;74.86;93.57;https://www.data.gouv.fr/api/1/datasets/r/06d9816c-1b87-498d-985e-f312acee4f51;2026-03-18T14:29:31.512838;2022_burvot_t2_france_entiere.xlsx
69_282;69;Rhône;282;Meyzieu;Complet;22776;7134;31.32;15642;68.68;853;3.75;5.45;248;1.09;1.59;14541;63.84;92.96;https://www.data.gouv.fr/api/1/datasets/r/06d9816c-1b87-498d-985e-f312acee4f51;2026-03-18T14:29:31.512838;2022_burvot_t2_france_entiere.xlsx
69_283;69;Rhône;283;Mions;Complet;9347;2338;25.01;7009;74.99;354;3.79;5.05;145;1.55;2.07;6510;69.65;92.88;https://www.data.gouv.fr/api/1/datasets/r/06d9816c-1b87-498d-985e-f312acee4f51;2026-03-18T14:29:31.512838;2022_burvot_t2_france_entiere.xlsx
69_284;69;Rhône;284;Montanay;Complet;2468;402;16.29;2066;83.71;115;4.66;5.57;26;1.05;1.26;1925;78.0;93.18;https://www.data.gouv.fr/api/1/datasets/r/06d9816c-1b87-498d-985e-f312acee4f51;2026-03-18T14:29:31.512838;2022_burvot_t2_france_entiere.xlsx
69_285;69;Rhône;285;Pusignan;Complet;2866;712;24.84;2154;75.16;71;2.48;3.3;40;1.4;1.86;2043;71.28;94.85;https://www.data.gouv.fr/api/1/datasets/r/06d9816c-1b87-498d-985e-f312acee4f51;2026-03-18T14:29:31.512838;2022_burvot_t2_france_entiere.xlsx
69_286;69;Rhône;286;Rillieux-la-Pape;Complet;16819;5351;31.82;11468;68.18;647;3.85;5.64;225;1.34;1.96;10596;63.0;92.4;https://www.data.gouv.fr/api/1/datasets/r/06d9816c-1b87-498d-985e-f312acee4f51;2026-03-18T14:29:31.512838;2022_burvot_t2_france_entiere.xlsx
69_287;69;Rhône;287;Saint-Bonnet-de-Mure;Complet;5136;1119;21.79;4017;78.21;215;4.19;5.35;55;1.07;1.37;3747;72.96;93.28;https://www.data.gouv.fr/api/1/datasets/r/06d9816c-1b87-498d-985e-f312acee4f51;2026-03-18T14:29:31.512838;2022_burvot_t2_france_entiere.xlsx
69_288;69;Rhône;288;Saint-Laurent-de-Mure;Complet;4375;1135;25.94;3240;74.06;172;3.93;5.31;48;1.1;1.48;3020;69.03;93.21;https://www.data.gouv.fr/api/1/datasets/r/06d9816c-1b87-498d-985e-f312acee4f51;2026-03-18T14:29:31.512838;2022_burvot_t2_france_entiere.xlsx
69_289;69;Rhône;289;Saint-Pierre-de-Chandieu;Complet;3849;842;21.88;3007;78.12;158;4.1;5.25;42;1.09;1.4;2807;72.93;93.35;https://www.data.gouv.fr/api/1/datasets/r/06d9816c-1b87-498d-985e-f312acee4f51;2026-03-18T14:29:31.512838;2022_burvot_t2_france_entiere.xlsx
69_290;69;Rhône;290;Saint-Priest;Complet;29555;10571;35.77;18984;64.23;1050;3.55;5.53;394;1.33;2.08;17540;59.35;92.39;https://www.data.gouv.fr/api/1/datasets/r/06d9816c-1b87-498d-985e-f312acee4f51;2026-03-18T14:29:31.512838;2022_burvot_t2_france_entiere.xlsx
69_291;69;Rhône;291;Saint-Symphorien-d'Ozon;Complet;4033;1003;24.87;3030;75.13;178;4.41;5.87;45;1.12;1.49;2807;69.6;92.64;https://www.data.gouv.fr/api/1/datasets/r/06d9816c-1b87-498d-985e-f312acee4f51;2026-03-18T14:29:31.512838;2022_burvot_t2_france_entiere.xlsx
69_292;69;Rhône;292;Sathonay-Camp;Complet;4241;1174;27.68;3067;72.32;173;4.08;5.64;62;1.46;2.02;2832;66.78;92.34;https://www.data.gouv.fr/api/1/datasets/r/06d9816c-1b87-498d-985e-f312acee4f51;2026-03-18T14:29:31.512838;2022_burvot_t2_france_entiere.xlsx
69_293;69;Rhône;293;Sathonay-Village;Complet;1932;327;16.93;1605;83.07;99;5.12;6.17;19;0.98;1.18;1487;76.97;92.65;https://www.data.gouv.fr/api/1/datasets/r/06d9816c-1b87-498d-985e-f312acee4f51;2026-03-18T14:29:31.512838;2022_burvot_t2_france_entiere.xlsx
69_294;69;Rhône;294;Sérézin-du-Rhône;Complet;2052;400;19.49;1652;80.51;98;4.78;5.93;27;1.32;1.63;1527;74.42;92.43;https://www.data.gouv.fr/api/1/datasets/r/06d9816c-1b87-498d-985e-f312acee4f51;2026-03-18T14:29:31.512838;2022_burvot_t2_france_entiere.xlsx
69_295;69;Rhône;295;Simandres;Complet;1425;248;17.4;1177;82.6;68;4.77;5.78;23;1.61;1.95;1086;76.21;92.27;https://www.data.gouv.fr/api/1/datasets/r/06d9816c-1b87-498d-985e-f312acee4f51;2026-03-18T14:29:31.512838;2022_burvot_t2_france_entiere.xlsx
69_296;69;Rhône;296;Solaize;Complet;2296;496;21.6;1800;78.4;105;4.57;5.83;21;0.91;1.17;1674;72.91;93.0;https://www.data.gouv.fr/api/1/datasets/r/06d9816c-1b87-498d-985e-f312acee4f51;2026-03-18T14:29:31.512838;2022_burvot_t2_france_entiere.xlsx
69_297;69;Rhône;297;Ternay;Complet;3941;951;24.13;2990;75.87;163;4.14;5.45;36;0.91;1.2;2791;70.82;93.34;https://www.data.gouv.fr/api/1/datasets/r/06d9816c-1b87-498d-985e-f312acee4f51;2026-03-18T14:29:31.512838;2022_burvot_t2_france_entiere.xlsx
69_298;69;Rhône;298;Toussieu;Complet;2218;465;20.96;1753;79.04;87;3.92;4.96;20;0.9;1.14;1646;74.21;93.9;https://www.data.gouv.fr/api/1/datasets/r/06d9816c-1b87-498d-985e-f312acee4f51;2026-03-18T14:29:31.512838;2022_burvot_t2_france_entiere.xlsx
69_299;69;Rhône;299;Colombier-Saugnieu;Complet;1989;406;20.41;1583;79.59;68;3.42;4.3;22;1.11;1.39;1493;75.06;94.31;https://www.data.gouv.fr/api/1/datasets/r/06d9816c-1b87-498d-985e-f312acee4f51;2026-03-18T14:29:31.512838;2022_burvot_t2_france_entiere.xlsx
